run_id,chan_id,num_train_values,num_test_values,n_predicted_anoms,normalized_pred_error,anom_scores,false_positives,false_negatives,true_positives,fp_sequences,tp_sequences,num_true_anoms,scores,spacecraft,anomaly_sequences,class
2022-04-23_15.30.31,P-1,2612,8245,1,0.08666488224538212,"[{'start_idx': 4270, 'end_idx': 4339, 'score': 0.8549698458605337}]",0,2,1,[],"[(4520, 4589)]",3,"[{'start_idx': 4270, 'end_idx': 4339, 'score': 0.8549698458605337}]",SMAP,"[[2149, 2349], [4536, 4844], [3539, 3779]]","[contextual, contextual, contextual]"
2022-04-23_15.30.31,S-1,2558,7071,1,0.19399507577235314,"[{'start_idx': 5040, 'end_idx': 5109, 'score': 2.25649418955575}, {'start_idx': 5110, 'end_idx': 5179, 'score': 7.752835792931303}, {'start_idx': 5180, 'end_idx': 5249, 'score': 8.417390026731411}, {'start_idx': 5250, 'end_idx': 5319, 'score': 8.164134695257689}, {'start_idx': 5320, 'end_idx': 5389, 'score': 7.125575004794911}]",0,0,1,[],"[(5290, 5639)]",1,"[{'start_idx': 5040, 'end_idx': 5109, 'score': 2.25649418955575}, {'start_idx': 5110, 'end_idx': 5179, 'score': 7.752835792931303}, {'start_idx': 5180, 'end_idx': 5249, 'score': 8.417390026731411}, {'start_idx': 5250, 'end_idx': 5319, 'score': 8.164134695257689}, {'start_idx': 5320, 'end_idx': 5389, 'score': 7.125575004794911}]",SMAP,"[[5300, 5747]]",[point]
2022-04-23_15.30.31,E-1,2620,8256,3,0.06865196603212567,"[{'start_idx': 1469, 'end_idx': 1766, 'score': 3.926271813033248}, {'start_idx': 4760, 'end_idx': 4829, 'score': 8.03663983983101}, {'start_idx': 4830, 'end_idx': 4899, 'score': 6.025746125637101}, {'start_idx': 5320, 'end_idx': 5389, 'score': 8.180581085705645}, {'start_idx': 5390, 'end_idx': 5459, 'score': 9.985897981036716}, {'start_idx': 5460, 'end_idx': 5529, 'score': 9.80064790690162}, {'start_idx': 5530, 'end_idx': 5599, 'score': 9.38297016466432}, {'start_idx': 5600, 'end_idx': 5669, 'score': 8.995710532511097}, {'start_idx': 5670, 'end_idx': 5716, 'score': 7.336130076495784}]",1,0,2,"[[1719, 2016]]","[(5010, 5149), (5570, 5966)]",2,"[{'start_idx': 1469, 'end_idx': 1766, 'score': 3.926271813033248}, {'start_idx': 4760, 'end_idx': 4829, 'score': 8.03663983983101}, {'start_idx': 4830, 'end_idx': 4899, 'score': 6.025746125637101}, {'start_idx': 5320, 'end_idx': 5389, 'score': 8.180581085705645}, {'start_idx': 5390, 'end_idx': 5459, 'score': 9.985897981036716}, {'start_idx': 5460, 'end_idx': 5529, 'score': 9.80064790690162}, {'start_idx': 5530, 'end_idx': 5599, 'score': 9.38297016466432}, {'start_idx': 5600, 'end_idx': 5669, 'score': 8.995710532511097}, {'start_idx': 5670, 'end_idx': 5716, 'score': 7.336130076495784}]",SMAP,"[[5000, 5030], [5610, 6086]]","[contextual, contextual]"
2022-04-23_15.30.31,E-2,2620,8272,3,0.0691450272200268,"[{'start_idx': 5320, 'end_idx': 5389, 'score': 2.604665504070937}, {'start_idx': 5390, 'end_idx': 5459, 'score': 2.708564107115035}, {'start_idx': 5600, 'end_idx': 5669, 'score': 2.71289069756945}, {'start_idx': 5670, 'end_idx': 5739, 'score': 0.9828842894018855}, {'start_idx': 5880, 'end_idx': 5949, 'score': 3.007752552583829}]",0,0,1,[],"[(5570, 5709), (5850, 5989), (6130, 6199)]",1,"[{'start_idx': 5320, 'end_idx': 5389, 'score': 2.604665504070937}, {'start_idx': 5390, 'end_idx': 5459, 'score': 2.708564107115035}, {'start_idx': 5600, 'end_idx': 5669, 'score': 2.71289069756945}, {'start_idx': 5670, 'end_idx': 5739, 'score': 0.9828842894018855}, {'start_idx': 5880, 'end_idx': 5949, 'score': 3.007752552583829}]",SMAP,"[[5598, 6995]]",[point]
2022-04-23_15.30.31,E-3,2620,8047,1,0.012704511844697937,"[{'start_idx': 5320, 'end_idx': 5389, 'score': 6.516061920747892}, {'start_idx': 5390, 'end_idx': 5459, 'score': 7.078910904102385}, {'start_idx': 5460, 'end_idx': 5529, 'score': 5.343389021622132}]",0,0,1,[],"[(5570, 5779)]",1,"[{'start_idx': 5320, 'end_idx': 5389, 'score': 6.516061920747892}, {'start_idx': 5390, 'end_idx': 5459, 'score': 7.078910904102385}, {'start_idx': 5460, 'end_idx': 5529, 'score': 5.343389021622132}]",SMAP,"[[5094, 8306]]",[point]
2022-04-23_15.30.31,E-4,2620,8094,3,0.053812415345744595,"[{'start_idx': 5320, 'end_idx': 5389, 'score': 2.223088406188137}, {'start_idx': 5390, 'end_idx': 5459, 'score': 2.2367259380994318}, {'start_idx': 5460, 'end_idx': 5529, 'score': 0.8762201263053804}, {'start_idx': 5530, 'end_idx': 5599, 'score': 0.8574405555198713}, {'start_idx': 5600, 'end_idx': 5630, 'score': 0.8109513295723165}, {'start_idx': 5670, 'end_idx': 5739, 'score': 1.180724432115774}, {'start_idx': 5740, 'end_idx': 5809, 'score': 1.1350002187864996}, {'start_idx': 5880, 'end_idx': 5949, 'score': 3.123320564716895}, {'start_idx': 5950, 'end_idx': 6019, 'score': 3.146172840017153}, {'start_idx': 6020, 'end_idx': 6089, 'score': 3.319952603463086}]",0,0,1,[],"[(5570, 5880), (5920, 6059), (6130, 6339)]",1,"[{'start_idx': 5320, 'end_idx': 5389, 'score': 2.223088406188137}, {'start_idx': 5390, 'end_idx': 5459, 'score': 2.2367259380994318}, {'start_idx': 5460, 'end_idx': 5529, 'score': 0.8762201263053804}, {'start_idx': 5530, 'end_idx': 5599, 'score': 0.8574405555198713}, {'start_idx': 5600, 'end_idx': 5630, 'score': 0.8109513295723165}, {'start_idx': 5670, 'end_idx': 5739, 'score': 1.180724432115774}, {'start_idx': 5740, 'end_idx': 5809, 'score': 1.1350002187864996}, {'start_idx': 5880, 'end_idx': 5949, 'score': 3.123320564716895}, {'start_idx': 5950, 'end_idx': 6019, 'score': 3.146172840017153}, {'start_idx': 6020, 'end_idx': 6089, 'score': 3.319952603463086}]",SMAP,"[[5450, 8261]]",[point]
2022-04-23_15.30.31,E-5,2620,8034,2,0.09762064367486362,"[{'start_idx': 1466, 'end_idx': 1738, 'score': 3.46089724999715}, {'start_idx': 5320, 'end_idx': 5389, 'score': 4.079896824328913}, {'start_idx': 5390, 'end_idx': 5459, 'score': 3.9439977195898908}]",1,0,1,"[[1716, 1988]]","[(5570, 5709)]",1,"[{'start_idx': 1466, 'end_idx': 1738, 'score': 3.46089724999715}, {'start_idx': 5320, 'end_idx': 5389, 'score': 4.079896824328913}, {'start_idx': 5390, 'end_idx': 5459, 'score': 3.9439977195898908}]",SMAP,"[[5600, 5920]]",[point]
2022-04-23_15.30.31,E-6,2620,8040,1,0.018326964989201514,"[{'start_idx': 5320, 'end_idx': 5389, 'score': 11.023283906388599}, {'start_idx': 5390, 'end_idx': 5459, 'score': 10.205152320402009}, {'start_idx': 5460, 'end_idx': 5529, 'score': 7.183987548300181}]",0,0,1,[],"[(5570, 5779)]",1,"[{'start_idx': 5320, 'end_idx': 5389, 'score': 11.023283906388599}, {'start_idx': 5390, 'end_idx': 5459, 'score': 10.205152320402009}, {'start_idx': 5460, 'end_idx': 5529, 'score': 7.183987548300181}]",SMAP,"[[5610, 5675]]",[point]
2022-04-23_15.30.31,E-7,2509,8050,1,0.015990734581426223,"[{'start_idx': 5180, 'end_idx': 5249, 'score': 12.12659196664186}, {'start_idx': 5250, 'end_idx': 5319, 'score': 10.301058767241793}, {'start_idx': 5320, 'end_idx': 5389, 'score': 10.702033305717038}, {'start_idx': 5390, 'end_idx': 5459, 'score': 10.040060967065006}, {'start_idx': 5460, 'end_idx': 5517, 'score': 7.850915949166655}]",0,0,1,[],"[(5430, 5767)]",1,"[{'start_idx': 5180, 'end_idx': 5249, 'score': 12.12659196664186}, {'start_idx': 5250, 'end_idx': 5319, 'score': 10.301058767241793}, {'start_idx': 5320, 'end_idx': 5389, 'score': 10.702033305717038}, {'start_idx': 5390, 'end_idx': 5459, 'score': 10.040060967065006}, {'start_idx': 5460, 'end_idx': 5517, 'score': 7.850915949166655}]",SMAP,"[[5394, 5674]]",[point]
2022-04-23_15.30.31,E-8,2620,8272,0,0.06778579264816642,[],0,1,0,[],[],1,[],SMAP,"[[5400, 6022]]",[point]
2022-04-23_15.30.31,E-9,2620,8042,1,0.047556551730802026,"[{'start_idx': 5460, 'end_idx': 5529, 'score': 2.8979102419877347}, {'start_idx': 5530, 'end_idx': 5599, 'score': 3.0397849062506763}]",0,0,1,[],"[(5710, 5849)]",1,"[{'start_idx': 5460, 'end_idx': 5529, 'score': 2.8979102419877347}, {'start_idx': 5530, 'end_idx': 5599, 'score': 3.0397849062506763}]",SMAP,"[[5550, 5900]]",[point]
2022-04-23_15.30.31,E-10,2620,8245,3,0.08286641112296823,"[{'start_idx': 1501, 'end_idx': 1758, 'score': 4.145883105122739}, {'start_idx': 4760, 'end_idx': 4829, 'score': 7.814088557754578}, {'start_idx': 4830, 'end_idx': 4899, 'score': 5.758257403390583}, {'start_idx': 5320, 'end_idx': 5389, 'score': 8.64079676862281}, {'start_idx': 5390, 'end_idx': 5459, 'score': 12.131687551411131}, {'start_idx': 5460, 'end_idx': 5529, 'score': 11.227847134280067}, {'start_idx': 5530, 'end_idx': 5599, 'score': 10.391410270925011}, {'start_idx': 5600, 'end_idx': 5669, 'score': 9.800997804658461}, {'start_idx': 5670, 'end_idx': 5714, 'score': 8.04579580926263}]",1,0,2,"[[1751, 2008]]","[(5010, 5149), (5570, 5964)]",2,"[{'start_idx': 1501, 'end_idx': 1758, 'score': 4.145883105122739}, {'start_idx': 4760, 'end_idx': 4829, 'score': 7.814088557754578}, {'start_idx': 4830, 'end_idx': 4899, 'score': 5.758257403390583}, {'start_idx': 5320, 'end_idx': 5389, 'score': 8.64079676862281}, {'start_idx': 5390, 'end_idx': 5459, 'score': 12.131687551411131}, {'start_idx': 5460, 'end_idx': 5529, 'score': 11.227847134280067}, {'start_idx': 5530, 'end_idx': 5599, 'score': 10.391410270925011}, {'start_idx': 5600, 'end_idx': 5669, 'score': 9.800997804658461}, {'start_idx': 5670, 'end_idx': 5714, 'score': 8.04579580926263}]",SMAP,"[[5000, 5050], [5601, 5871]]","[contextual, contextual]"
2022-04-23_15.30.31,E-11,2620,8254,4,0.07856639064354376,"[{'start_idx': 1468, 'end_idx': 1738, 'score': 3.5705038692229705}, {'start_idx': 2590, 'end_idx': 2659, 'score': 3.5555783341454856}, {'start_idx': 4760, 'end_idx': 4829, 'score': 8.62514465119584}, {'start_idx': 4830, 'end_idx': 4899, 'score': 6.3617500815585935}, {'start_idx': 5320, 'end_idx': 5389, 'score': 9.528332254214241}, {'start_idx': 5390, 'end_idx': 5459, 'score': 12.562970635425359}, {'start_idx': 5460, 'end_idx': 5529, 'score': 11.476287497541072}, {'start_idx': 5530, 'end_idx': 5599, 'score': 10.56830423706937}, {'start_idx': 5600, 'end_idx': 5669, 'score': 9.777235664373812}, {'start_idx': 5670, 'end_idx': 5712, 'score': 8.170943763708902}]",2,0,2,"[[1718, 1988], [2840, 2909]]","[(5010, 5149), (5570, 5962)]",2,"[{'start_idx': 1468, 'end_idx': 1738, 'score': 3.5705038692229705}, {'start_idx': 2590, 'end_idx': 2659, 'score': 3.5555783341454856}, {'start_idx': 4760, 'end_idx': 4829, 'score': 8.62514465119584}, {'start_idx': 4830, 'end_idx': 4899, 'score': 6.3617500815585935}, {'start_idx': 5320, 'end_idx': 5389, 'score': 9.528332254214241}, {'start_idx': 5390, 'end_idx': 5459, 'score': 12.562970635425359}, {'start_idx': 5460, 'end_idx': 5529, 'score': 11.476287497541072}, {'start_idx': 5530, 'end_idx': 5599, 'score': 10.56830423706937}, {'start_idx': 5600, 'end_idx': 5669, 'score': 9.777235664373812}, {'start_idx': 5670, 'end_idx': 5712, 'score': 8.170943763708902}]",SMAP,"[[5000, 5050], [5614, 5857]]","[contextual, contextual]"
2022-04-23_15.30.31,E-12,2620,8252,5,0.05975870626140852,"[{'start_idx': 1503, 'end_idx': 1738, 'score': 3.0012040428061573}, {'start_idx': 4760, 'end_idx': 4829, 'score': 8.703754943622998}, {'start_idx': 4830, 'end_idx': 4899, 'score': 6.4768585017470235}, {'start_idx': 5320, 'end_idx': 5389, 'score': 7.710004436312119}, {'start_idx': 5390, 'end_idx': 5459, 'score': 7.01088751869683}, {'start_idx': 5460, 'end_idx': 5515, 'score': 5.851034708274847}, {'start_idx': 5880, 'end_idx': 5949, 'score': 7.016633112072381}, {'start_idx': 6020, 'end_idx': 6089, 'score': 6.669349731555617}, {'start_idx': 6090, 'end_idx': 6159, 'score': 6.7599566972846175}, {'start_idx': 6160, 'end_idx': 6229, 'score': 6.936392871145259}, {'start_idx': 6230, 'end_idx': 6299, 'score': 6.589999389861515}]",2,0,2,"[[1753, 1988], [6270, 6549]]","[(5010, 5149), (5570, 5765), (6130, 6199)]",2,"[{'start_idx': 1503, 'end_idx': 1738, 'score': 3.0012040428061573}, {'start_idx': 4760, 'end_idx': 4829, 'score': 8.703754943622998}, {'start_idx': 4830, 'end_idx': 4899, 'score': 6.4768585017470235}, {'start_idx': 5320, 'end_idx': 5389, 'score': 7.710004436312119}, {'start_idx': 5390, 'end_idx': 5459, 'score': 7.01088751869683}, {'start_idx': 5460, 'end_idx': 5515, 'score': 5.851034708274847}, {'start_idx': 5880, 'end_idx': 5949, 'score': 7.016633112072381}, {'start_idx': 6020, 'end_idx': 6089, 'score': 6.669349731555617}, {'start_idx': 6090, 'end_idx': 6159, 'score': 6.7599566972846175}, {'start_idx': 6160, 'end_idx': 6229, 'score': 6.936392871145259}, {'start_idx': 6230, 'end_idx': 6299, 'score': 6.589999389861515}]",SMAP,"[[5610, 6141], [5000, 5050]]","[contextual, contextual]"
2022-04-23_15.30.31,E-13,2620,8380,4,0.0548636397769639,"[{'start_idx': 5320, 'end_idx': 5389, 'score': 3.4374623684146752}, {'start_idx': 5390, 'end_idx': 5459, 'score': 3.548240656593079}, {'start_idx': 6230, 'end_idx': 6299, 'score': 3.9972935389893136}, {'start_idx': 7350, 'end_idx': 7419, 'score': 3.5718857913942914}, {'start_idx': 7420, 'end_idx': 7489, 'score': 3.5175884054619377}, {'start_idx': 8190, 'end_idx': 8259, 'score': 3.4244975940978186}]",2,1,2,"[[7600, 7739], [8440, 8509]]","[(5570, 5709), (6480, 6549)]",3,"[{'start_idx': 5320, 'end_idx': 5389, 'score': 3.4374623684146752}, {'start_idx': 5390, 'end_idx': 5459, 'score': 3.548240656593079}, {'start_idx': 6230, 'end_idx': 6299, 'score': 3.9972935389893136}, {'start_idx': 7350, 'end_idx': 7419, 'score': 3.5718857913942914}, {'start_idx': 7420, 'end_idx': 7489, 'score': 3.5175884054619377}, {'start_idx': 8190, 'end_idx': 8259, 'score': 3.4244975940978186}]",SMAP,"[[5309, 5410], [5600, 5640], [6449, 6569]]","[contextual, contextual, contextual]"
2022-04-23_15.30.31,A-1,2620,8380,0,0.0018933484797546004,[],0,1,0,[],[],1,[],SMAP,"[[4690, 4774]]",[point]
2022-04-23_15.30.31,D-1,2589,8249,1,0.05020868295667343,"[{'start_idx': 4970, 'end_idx': 5039, 'score': 2.4508274092543116}, {'start_idx': 5040, 'end_idx': 5109, 'score': 2.6622267976336924}, {'start_idx': 5110, 'end_idx': 5179, 'score': 2.6617776775554423}, {'start_idx': 5180, 'end_idx': 5249, 'score': 2.943143962876676}, {'start_idx': 5250, 'end_idx': 5319, 'score': 2.9438218954907893}, {'start_idx': 5320, 'end_idx': 5389, 'score': 7.020793831031024}, {'start_idx': 5390, 'end_idx': 5459, 'score': 7.615202490060598}, {'start_idx': 5460, 'end_idx': 5529, 'score': 7.978080914684301}, {'start_idx': 5530, 'end_idx': 5599, 'score': 8.029893605689312}, {'start_idx': 5600, 'end_idx': 5669, 'score': 7.707145699010735}]",0,0,1,[],"[(5220, 5919)]",1,"[{'start_idx': 4970, 'end_idx': 5039, 'score': 2.4508274092543116}, {'start_idx': 5040, 'end_idx': 5109, 'score': 2.6622267976336924}, {'start_idx': 5110, 'end_idx': 5179, 'score': 2.6617776775554423}, {'start_idx': 5180, 'end_idx': 5249, 'score': 2.943143962876676}, {'start_idx': 5250, 'end_idx': 5319, 'score': 2.9438218954907893}, {'start_idx': 5320, 'end_idx': 5389, 'score': 7.020793831031024}, {'start_idx': 5390, 'end_idx': 5459, 'score': 7.615202490060598}, {'start_idx': 5460, 'end_idx': 5529, 'score': 7.978080914684301}, {'start_idx': 5530, 'end_idx': 5599, 'score': 8.029893605689312}, {'start_idx': 5600, 'end_idx': 5669, 'score': 7.707145699010735}]",SMAP,"[[5250, 8508]]",[point]
2022-04-23_15.30.31,P-2,2561,7949,1,0.052756064987366194,"[{'start_idx': 5040, 'end_idx': 5109, 'score': 12.985881410316114}, {'start_idx': 5110, 'end_idx': 5179, 'score': 13.701095418583504}, {'start_idx': 5180, 'end_idx': 5249, 'score': 12.330577486304199}, {'start_idx': 5250, 'end_idx': 5319, 'score': 11.14944944483292}, {'start_idx': 5320, 'end_idx': 5389, 'score': 10.434521044493271}, {'start_idx': 5390, 'end_idx': 5459, 'score': 9.877818668991658}, {'start_idx': 5460, 'end_idx': 5502, 'score': 9.26365616324231}]",0,0,1,[],"[(5290, 5752)]",1,"[{'start_idx': 5040, 'end_idx': 5109, 'score': 12.985881410316114}, {'start_idx': 5110, 'end_idx': 5179, 'score': 13.701095418583504}, {'start_idx': 5180, 'end_idx': 5249, 'score': 12.330577486304199}, {'start_idx': 5250, 'end_idx': 5319, 'score': 11.14944944483292}, {'start_idx': 5320, 'end_idx': 5389, 'score': 10.434521044493271}, {'start_idx': 5390, 'end_idx': 5459, 'score': 9.877818668991658}, {'start_idx': 5460, 'end_idx': 5502, 'score': 9.26365616324231}]",SMAP,"[[5350, 6575]]",[point]
2022-04-23_15.30.31,P-3,2595,8233,2,0.03773598441544339,"[{'start_idx': 5110, 'end_idx': 5179, 'score': 3.4287858003820317}, {'start_idx': 5180, 'end_idx': 5249, 'score': 6.95709660157619}, {'start_idx': 5250, 'end_idx': 5319, 'score': 7.399749821351395}, {'start_idx': 5320, 'end_idx': 5389, 'score': 6.385597855980383}, {'start_idx': 5390, 'end_idx': 5424, 'score': 5.359501045477752}, {'start_idx': 5530, 'end_idx': 5599, 'score': 7.786028111198652}, {'start_idx': 5600, 'end_idx': 5669, 'score': 8.181101992909664}, {'start_idx': 5670, 'end_idx': 5739, 'score': 7.9739140243085105}, {'start_idx': 5740, 'end_idx': 5809, 'score': 7.393161003931289}]",0,0,1,[],"[(5360, 5674), (5780, 6059)]",1,"[{'start_idx': 5110, 'end_idx': 5179, 'score': 3.4287858003820317}, {'start_idx': 5180, 'end_idx': 5249, 'score': 6.95709660157619}, {'start_idx': 5250, 'end_idx': 5319, 'score': 7.399749821351395}, {'start_idx': 5320, 'end_idx': 5389, 'score': 6.385597855980383}, {'start_idx': 5390, 'end_idx': 5424, 'score': 5.359501045477752}, {'start_idx': 5530, 'end_idx': 5599, 'score': 7.786028111198652}, {'start_idx': 5600, 'end_idx': 5669, 'score': 8.181101992909664}, {'start_idx': 5670, 'end_idx': 5739, 'score': 7.9739140243085105}, {'start_idx': 5740, 'end_idx': 5809, 'score': 7.393161003931289}]",SMAP,"[[5401, 6736]]",[point]
2022-04-23_15.30.31,D-2,2620,8335,2,0.3980667550208401,"[{'start_idx': 4410, 'end_idx': 4479, 'score': 19.358782656684646}, {'start_idx': 4480, 'end_idx': 4549, 'score': 15.02461974798131}, {'start_idx': 4550, 'end_idx': 4619, 'score': 12.678247531108337}, {'start_idx': 4620, 'end_idx': 4689, 'score': 11.462562803367094}, {'start_idx': 4690, 'end_idx': 4759, 'score': 10.59212803453766}, {'start_idx': 4760, 'end_idx': 4829, 'score': 9.929561983861623}, {'start_idx': 8265, 'end_idx': 8334, 'score': 1.7952205772106349}]",0,0,1,[],"[(4660, 5079), (8515, 8584)]",1,"[{'start_idx': 4410, 'end_idx': 4479, 'score': 19.358782656684646}, {'start_idx': 4480, 'end_idx': 4549, 'score': 15.02461974798131}, {'start_idx': 4550, 'end_idx': 4619, 'score': 12.678247531108337}, {'start_idx': 4620, 'end_idx': 4689, 'score': 11.462562803367094}, {'start_idx': 4690, 'end_idx': 4759, 'score': 10.59212803453766}, {'start_idx': 4760, 'end_idx': 4829, 'score': 9.929561983861623}, {'start_idx': 8265, 'end_idx': 8334, 'score': 1.7952205772106349}]",SMAP,"[[4319, 8536]]",[point]
2022-04-23_15.30.31,D-3,2620,8380,1,0.05034000506452194,"[{'start_idx': 5110, 'end_idx': 5179, 'score': 11.645673511898554}, {'start_idx': 5180, 'end_idx': 5249, 'score': 11.30647582330513}, {'start_idx': 5250, 'end_idx': 5319, 'score': 10.911027482183272}, {'start_idx': 5320, 'end_idx': 5389, 'score': 10.302830669851417}, {'start_idx': 5390, 'end_idx': 5459, 'score': 9.896065381466952}, {'start_idx': 5460, 'end_idx': 5529, 'score': 9.586509493047261}, {'start_idx': 5530, 'end_idx': 5599, 'score': 9.237040796141166}, {'start_idx': 5600, 'end_idx': 5669, 'score': 8.914405141967551}]",0,0,1,[],"[(5360, 5919)]",1,"[{'start_idx': 5110, 'end_idx': 5179, 'score': 11.645673511898554}, {'start_idx': 5180, 'end_idx': 5249, 'score': 11.30647582330513}, {'start_idx': 5250, 'end_idx': 5319, 'score': 10.911027482183272}, {'start_idx': 5320, 'end_idx': 5389, 'score': 10.302830669851417}, {'start_idx': 5390, 'end_idx': 5459, 'score': 9.896065381466952}, {'start_idx': 5460, 'end_idx': 5529, 'score': 9.586509493047261}, {'start_idx': 5530, 'end_idx': 5599, 'score': 9.237040796141166}, {'start_idx': 5600, 'end_idx': 5669, 'score': 8.914405141967551}]",SMAP,"[[5225, 8500]]",[point]
2022-04-23_15.30.31,D-4,2573,8213,1,0.05243110306240841,"[{'start_idx': 5040, 'end_idx': 5109, 'score': 5.278142064402778}, {'start_idx': 5110, 'end_idx': 5179, 'score': 6.866853275649359}, {'start_idx': 5180, 'end_idx': 5249, 'score': 7.5697637277652925}, {'start_idx': 5250, 'end_idx': 5319, 'score': 7.894138909888202}, {'start_idx': 5320, 'end_idx': 5389, 'score': 7.865024127506399}, {'start_idx': 5390, 'end_idx': 5459, 'score': 8.056511768035023}, {'start_idx': 5460, 'end_idx': 5529, 'score': 7.874651614448821}, {'start_idx': 5530, 'end_idx': 5599, 'score': 7.803381053397705}, {'start_idx': 5600, 'end_idx': 5669, 'score': 7.707654228102455}]",0,0,1,[],"[(5290, 5919)]",1,"[{'start_idx': 5040, 'end_idx': 5109, 'score': 5.278142064402778}, {'start_idx': 5110, 'end_idx': 5179, 'score': 6.866853275649359}, {'start_idx': 5180, 'end_idx': 5249, 'score': 7.5697637277652925}, {'start_idx': 5250, 'end_idx': 5319, 'score': 7.894138909888202}, {'start_idx': 5320, 'end_idx': 5389, 'score': 7.865024127506399}, {'start_idx': 5390, 'end_idx': 5459, 'score': 8.056511768035023}, {'start_idx': 5460, 'end_idx': 5529, 'score': 7.874651614448821}, {'start_idx': 5530, 'end_idx': 5599, 'score': 7.803381053397705}, {'start_idx': 5600, 'end_idx': 5669, 'score': 7.707654228102455}]",SMAP,"[[5225, 8472]]",[point]
2022-04-23_15.30.31,A-2,2388,7654,1,0.10287620643079733,"[{'start_idx': 2940, 'end_idx': 2940, 'score': 2.3901033496078123}, {'start_idx': 4270, 'end_idx': 4339, 'score': 4.021502405232377}, {'start_idx': 4340, 'end_idx': 4409, 'score': 4.253782449883285}]",0,0,1,[],"[(4520, 4659)]",1,"[{'start_idx': 2940, 'end_idx': 2940, 'score': 2.3901033496078123}, {'start_idx': 4270, 'end_idx': 4339, 'score': 4.021502405232377}, {'start_idx': 4340, 'end_idx': 4409, 'score': 4.253782449883285}]",SMAP,"[[4450, 4560]]",[contextual]
2022-04-23_15.30.31,A-3,2476,7945,2,0.051942937277766436,"[{'start_idx': 839, 'end_idx': 1088, 'score': 2.426641695289479}, {'start_idx': 4340, 'end_idx': 4409, 'score': 3.480519967592881}, {'start_idx': 4410, 'end_idx': 4479, 'score': 3.9477727101860713}, {'start_idx': 4480, 'end_idx': 4549, 'score': 4.2473350508205945}]",1,0,1,"[[1089, 1338]]","[(4590, 4799)]",1,"[{'start_idx': 839, 'end_idx': 1088, 'score': 2.426641695289479}, {'start_idx': 4340, 'end_idx': 4409, 'score': 3.480519967592881}, {'start_idx': 4410, 'end_idx': 4479, 'score': 3.9477727101860713}, {'start_idx': 4480, 'end_idx': 4549, 'score': 4.2473350508205945}]",SMAP,"[[4575, 4760]]",[contextual]
2022-04-24_19.21.30,A-4,2430,7820,1,0.06684146073618807,"[{'start_idx': 4270, 'end_idx': 4339, 'score': 1.8049849607059225}, {'start_idx': 4340, 'end_idx': 4409, 'score': 1.7921665211349114}, {'start_idx': 4410, 'end_idx': 4479, 'score': 1.9161064486752695}]",0,0,1,[],"[(4520, 4729)]",1,"[{'start_idx': 4270, 'end_idx': 4339, 'score': 1.8049849607059225}, {'start_idx': 4340, 'end_idx': 4409, 'score': 1.7921665211349114}, {'start_idx': 4410, 'end_idx': 4479, 'score': 1.9161064486752695}]",SMAP,"[[4550, 4660]]",[contextual]
2022-04-24_19.21.30,G-1,2560,8209,2,0.08780118681878059,"[{'start_idx': 8050, 'end_idx': 8119, 'score': 2.6553074510110926}, {'start_idx': 8139, 'end_idx': 8208, 'score': 3.253201011745618}]",2,1,0,"[[8300, 8369], [8389, 8458]]",[],1,"[{'start_idx': 8050, 'end_idx': 8119, 'score': 2.6553074510110926}, {'start_idx': 8139, 'end_idx': 8208, 'score': 3.253201011745618}]",SMAP,"[[4770, 4890]]",[contextual]
2022-04-24_19.21.30,G-2,2218,7101,1,0.014702512657721267,"[{'start_idx': 3780, 'end_idx': 3849, 'score': 3.172757730803388}, {'start_idx': 3850, 'end_idx': 3919, 'score': 2.334017686634431}]",0,0,1,[],"[(4030, 4169)]",1,"[{'start_idx': 3780, 'end_idx': 3849, 'score': 3.172757730803388}, {'start_idx': 3850, 'end_idx': 3919, 'score': 2.334017686634431}]",SMAP,"[[4030, 4070]]",[point]
2022-04-24_19.21.30,D-5,2301,7368,1,0.31590385989928715,"[{'start_idx': 896, 'end_idx': 1102, 'score': 1.152651132331369}]",1,1,0,"[[1146, 1352]]",[],1,"[{'start_idx': 896, 'end_idx': 1102, 'score': 1.152651132331369}]",SMAP,"[[4800, 4850]]",[point]
2022-04-24_19.21.30,D-6,2334,7624,1,0.04117944154309775,"[{'start_idx': 4620, 'end_idx': 4689, 'score': 3.7372956247841174}, {'start_idx': 4690, 'end_idx': 4759, 'score': 3.6925203262072896}]",0,0,1,[],"[(4870, 5009)]",1,"[{'start_idx': 4620, 'end_idx': 4689, 'score': 3.7372956247841174}, {'start_idx': 4690, 'end_idx': 4759, 'score': 3.6925203262072896}]",SMAP,"[[4870, 4950]]",[point]
2022-04-24_19.21.30,D-7,2323,7382,3,0.04648650725291645,"[{'start_idx': 4760, 'end_idx': 4829, 'score': 11.77248512122678}, {'start_idx': 4830, 'end_idx': 4899, 'score': 11.581218120341864}, {'start_idx': 4900, 'end_idx': 4969, 'score': 10.733341924030874}, {'start_idx': 4970, 'end_idx': 5039, 'score': 10.117328764676865}, {'start_idx': 5040, 'end_idx': 5109, 'score': 9.549652015502657}, {'start_idx': 5180, 'end_idx': 5249, 'score': 9.472889090402644}, {'start_idx': 5250, 'end_idx': 5319, 'score': 9.288153210473356}, {'start_idx': 5320, 'end_idx': 5389, 'score': 8.816872529297338}, {'start_idx': 5460, 'end_idx': 5529, 'score': 8.46227894820467}, {'start_idx': 5530, 'end_idx': 5599, 'score': 8.230395927995874}]",0,0,1,[],"[(5010, 5359), (5430, 5639), (5710, 5849)]",1,"[{'start_idx': 4760, 'end_idx': 4829, 'score': 11.77248512122678}, {'start_idx': 4830, 'end_idx': 4899, 'score': 11.581218120341864}, {'start_idx': 4900, 'end_idx': 4969, 'score': 10.733341924030874}, {'start_idx': 4970, 'end_idx': 5039, 'score': 10.117328764676865}, {'start_idx': 5040, 'end_idx': 5109, 'score': 9.549652015502657}, {'start_idx': 5180, 'end_idx': 5249, 'score': 9.472889090402644}, {'start_idx': 5250, 'end_idx': 5319, 'score': 9.288153210473356}, {'start_idx': 5320, 'end_idx': 5389, 'score': 8.816872529297338}, {'start_idx': 5460, 'end_idx': 5529, 'score': 8.46227894820467}, {'start_idx': 5530, 'end_idx': 5599, 'score': 8.230395927995874}]",SMAP,"[[4940, 7641]]",[point]
2022-04-24_19.21.30,F-1,2609,8324,1,0.0796939611494142,"[{'start_idx': 7280, 'end_idx': 7349, 'score': 2.1034328542379868}]",1,1,0,"[[7530, 7599]]",[],1,"[{'start_idx': 7280, 'end_idx': 7349, 'score': 2.1034328542379868}]",SMAP,"[[5392, 5492]]",[point]
2022-04-24_19.21.30,P-4,2349,7523,3,0.011197912388780911,"[{'start_idx': 681, 'end_idx': 936, 'score': 10.240666857234405}, {'start_idx': 1921, 'end_idx': 2099, 'score': 8.77157839335245}, {'start_idx': 4550, 'end_idx': 4619, 'score': 7.2782468065979575}, {'start_idx': 4620, 'end_idx': 4689, 'score': 5.664702424522696}, {'start_idx': 4690, 'end_idx': 4731, 'score': 4.692173538492373}]",0,0,3,[],"[(931, 1186), (2171, 2349), (4800, 4981)]",3,"[{'start_idx': 681, 'end_idx': 936, 'score': 10.240666857234405}, {'start_idx': 1921, 'end_idx': 2099, 'score': 8.77157839335245}, {'start_idx': 4550, 'end_idx': 4619, 'score': 7.2782468065979575}, {'start_idx': 4620, 'end_idx': 4689, 'score': 5.664702424522696}, {'start_idx': 4690, 'end_idx': 4731, 'score': 4.692173538492373}]",SMAP,"[[950, 1080], [2150, 2350], [4770, 4880]]","[point, point, point]"
2022-04-24_19.21.30,G-3,2364,7647,1,0.004947506597311151,"[{'start_idx': 5390, 'end_idx': 5459, 'score': 7.702724587553459}]",1,1,0,"[[5640, 5709]]",[],1,"[{'start_idx': 5390, 'end_idx': 5459, 'score': 7.702724587553459}]",SMAP,"[[4200, 4250]]",[point]
2022-04-24_19.21.30,T-1,2615,8352,3,0.04329050244947518,"[{'start_idx': 2240, 'end_idx': 2309, 'score': 1.4096927005121513}, {'start_idx': 2310, 'end_idx': 2379, 'score': 0.8251327962184057}, {'start_idx': 2380, 'end_idx': 2449, 'score': 0.7100679485199665}, {'start_idx': 2450, 'end_idx': 2519, 'score': 0.7902829857417351}, {'start_idx': 2520, 'end_idx': 2589, 'score': 0.9348977911192792}, {'start_idx': 2590, 'end_idx': 2659, 'score': 1.0007226556308315}, {'start_idx': 2660, 'end_idx': 2729, 'score': 0.9657162426938264}, {'start_idx': 2730, 'end_idx': 2799, 'score': 1.0230930016363875}, {'start_idx': 3710, 'end_idx': 3779, 'score': 4.5786065357417725}, {'start_idx': 3780, 'end_idx': 3849, 'score': 4.340186752116873}, {'start_idx': 6370, 'end_idx': 6439, 'score': 3.520372327451723}, {'start_idx': 6440, 'end_idx': 6509, 'score': 2.720205126932255}]",2,1,1,"[[3960, 4099], [6620, 6759]]","[(2490, 3049)]",2,"[{'start_idx': 2240, 'end_idx': 2309, 'score': 1.4096927005121513}, {'start_idx': 2310, 'end_idx': 2379, 'score': 0.8251327962184057}, {'start_idx': 2380, 'end_idx': 2449, 'score': 0.7100679485199665}, {'start_idx': 2450, 'end_idx': 2519, 'score': 0.7902829857417351}, {'start_idx': 2520, 'end_idx': 2589, 'score': 0.9348977911192792}, {'start_idx': 2590, 'end_idx': 2659, 'score': 1.0007226556308315}, {'start_idx': 2660, 'end_idx': 2729, 'score': 0.9657162426938264}, {'start_idx': 2730, 'end_idx': 2799, 'score': 1.0230930016363875}, {'start_idx': 3710, 'end_idx': 3779, 'score': 4.5786065357417725}, {'start_idx': 3780, 'end_idx': 3849, 'score': 4.340186752116873}, {'start_idx': 6370, 'end_idx': 6439, 'score': 3.520372327451723}, {'start_idx': 6440, 'end_idx': 6509, 'score': 2.720205126932255}]",SMAP,"[[2399, 3898], [6550, 6585]]","[point, contextual]"
2022-04-24_19.21.30,T-2,2595,8365,1,0.03720654527298074,"[{'start_idx': 6580, 'end_idx': 6649, 'score': 1.6605674948471913}, {'start_idx': 6650, 'end_idx': 6719, 'score': 1.771265357329003}, {'start_idx': 6720, 'end_idx': 6789, 'score': 1.917946845216288}, {'start_idx': 6790, 'end_idx': 6859, 'score': 2.032211609306005}]",0,0,1,[],"[(6830, 7109)]",1,"[{'start_idx': 6580, 'end_idx': 6649, 'score': 1.6605674948471913}, {'start_idx': 6650, 'end_idx': 6719, 'score': 1.771265357329003}, {'start_idx': 6720, 'end_idx': 6789, 'score': 1.917946845216288}, {'start_idx': 6790, 'end_idx': 6859, 'score': 2.032211609306005}]",SMAP,"[[6840, 8624]]",[point]
2022-04-24_19.21.30,D-8,2342,7614,1,0.011953692044646903,"[{'start_idx': 4130, 'end_idx': 4199, 'score': 3.6223127979044283}, {'start_idx': 4200, 'end_idx': 4269, 'score': 2.797466556786923}]",0,0,1,[],"[(4380, 4519)]",1,"[{'start_idx': 4130, 'end_idx': 4199, 'score': 3.6223127979044283}, {'start_idx': 4200, 'end_idx': 4269, 'score': 2.797466556786923}]",SMAP,"[[4370, 4420]]",[point]
2022-04-24_19.21.30,D-9,2323,7146,2,0.017114514453722886,"[{'start_idx': 6160, 'end_idx': 6229, 'score': 10.377772587912455}, {'start_idx': 6230, 'end_idx': 6299, 'score': 11.470504136216064}, {'start_idx': 6300, 'end_idx': 6369, 'score': 8.630324162510659}, {'start_idx': 7076, 'end_idx': 7145, 'score': 8.121421316121921}]",0,0,1,[],"[(6410, 6619), (7326, 7395)]",1,"[{'start_idx': 6160, 'end_idx': 6229, 'score': 10.377772587912455}, {'start_idx': 6230, 'end_idx': 6299, 'score': 11.470504136216064}, {'start_idx': 6300, 'end_idx': 6369, 'score': 8.630324162510659}, {'start_idx': 7076, 'end_idx': 7145, 'score': 8.121421316121921}]",SMAP,"[[6250, 7405]]",[point]
2022-04-24_19.21.30,F-2,2601,8366,1,0.05806767535501735,"[{'start_idx': 6510, 'end_idx': 6579, 'score': 2.3487372140727345}, {'start_idx': 6580, 'end_idx': 6649, 'score': 3.030421610473767}, {'start_idx': 6650, 'end_idx': 6719, 'score': 2.968168128866471}]",0,0,1,[],"[(6760, 6969)]",1,"[{'start_idx': 6510, 'end_idx': 6579, 'score': 2.3487372140727345}, {'start_idx': 6580, 'end_idx': 6649, 'score': 3.030421610473767}, {'start_idx': 6650, 'end_idx': 6719, 'score': 2.968168128866471}]",SMAP,"[[5669, 8625]]",[point]
2022-04-24_19.21.30,G-4,2291,7372,1,0.01896307333082979,"[{'start_idx': 4410, 'end_idx': 4479, 'score': 4.120521801887838}, {'start_idx': 4480, 'end_idx': 4549, 'score': 4.1577184373617}, {'start_idx': 4550, 'end_idx': 4619, 'score': 3.118380319142672}]",0,0,1,[],"[(4660, 4869)]",1,"[{'start_idx': 4410, 'end_idx': 4479, 'score': 4.120521801887838}, {'start_idx': 4480, 'end_idx': 4549, 'score': 4.1577184373617}, {'start_idx': 4550, 'end_idx': 4619, 'score': 3.118380319142672}]",SMAP,"[[4690, 4720]]",[point]
2022-04-24_19.21.30,T-3,2616,8319,2,0.00858549709106484,"[{'start_idx': 1807, 'end_idx': 2067, 'score': 4.983288018063725}, {'start_idx': 4970, 'end_idx': 5039, 'score': 4.989694403383525}, {'start_idx': 5040, 'end_idx': 5109, 'score': 4.169445113437755}, {'start_idx': 5110, 'end_idx': 5155, 'score': 3.5052267775068686}]",0,0,2,[],"[(2057, 2317), (5220, 5405)]",2,"[{'start_idx': 1807, 'end_idx': 2067, 'score': 4.983288018063725}, {'start_idx': 4970, 'end_idx': 5039, 'score': 4.989694403383525}, {'start_idx': 5040, 'end_idx': 5109, 'score': 4.169445113437755}, {'start_idx': 5110, 'end_idx': 5155, 'score': 3.5052267775068686}]",SMAP,"[[2098, 2180], [5200, 5300]]","[point, point]"
2022-04-24_19.21.30,D-11,2351,7171,1,0.01372578186925728,"[{'start_idx': 3990, 'end_idx': 4059, 'score': 6.713245810468866}, {'start_idx': 4060, 'end_idx': 4129, 'score': 7.461435276018332}, {'start_idx': 4130, 'end_idx': 4199, 'score': 5.61723953085866}]",0,0,1,[],"[(4240, 4449)]",1,"[{'start_idx': 3990, 'end_idx': 4059, 'score': 6.713245810468866}, {'start_idx': 4060, 'end_idx': 4129, 'score': 7.461435276018332}, {'start_idx': 4130, 'end_idx': 4199, 'score': 5.61723953085866}]",SMAP,"[[4270, 4330]]",[point]
2022-04-24_19.21.30,D-12,52,7658,2,0.063473487850633,"[{'start_idx': 5110, 'end_idx': 5179, 'score': 0.3809852175623534}, {'start_idx': 5670, 'end_idx': 5739, 'score': 2.8472103306375636}, {'start_idx': 5740, 'end_idx': 5809, 'score': 3.737782472553967}, {'start_idx': 5810, 'end_idx': 5879, 'score': 4.141492976322066}, {'start_idx': 5880, 'end_idx': 5949, 'score': 4.3437795661807455}, {'start_idx': 5950, 'end_idx': 6019, 'score': 4.446327454229715}, {'start_idx': 6020, 'end_idx': 6089, 'score': 5.17009040175686}, {'start_idx': 6090, 'end_idx': 6159, 'score': 5.318073035172499}, {'start_idx': 6160, 'end_idx': 6229, 'score': 5.012097285724579}]",0,0,1,[],"[(5360, 5429), (5920, 6479)]",1,"[{'start_idx': 5110, 'end_idx': 5179, 'score': 0.3809852175623534}, {'start_idx': 5670, 'end_idx': 5739, 'score': 2.8472103306375636}, {'start_idx': 5740, 'end_idx': 5809, 'score': 3.737782472553967}, {'start_idx': 5810, 'end_idx': 5879, 'score': 4.141492976322066}, {'start_idx': 5880, 'end_idx': 5949, 'score': 4.3437795661807455}, {'start_idx': 5950, 'end_idx': 6019, 'score': 4.446327454229715}, {'start_idx': 6020, 'end_idx': 6089, 'score': 5.17009040175686}, {'start_idx': 6090, 'end_idx': 6159, 'score': 5.318073035172499}, {'start_idx': 6160, 'end_idx': 6229, 'score': 5.012097285724579}]",SMAP,"[[5178, 7917]]",[point]
2022-04-24_19.21.30,B-1,2175,7784,1,0.03432950844728835,"[{'start_idx': 4760, 'end_idx': 4829, 'score': 6.2828068549375935}, {'start_idx': 4830, 'end_idx': 4899, 'score': 11.383096414561184}, {'start_idx': 4900, 'end_idx': 4969, 'score': 9.202941778188572}, {'start_idx': 4970, 'end_idx': 5039, 'score': 8.437092430933788}]",0,0,1,[],"[(5010, 5289)]",1,"[{'start_idx': 4760, 'end_idx': 4829, 'score': 6.2828068549375935}, {'start_idx': 4830, 'end_idx': 4899, 'score': 11.383096414561184}, {'start_idx': 4900, 'end_idx': 4969, 'score': 9.202941778188572}, {'start_idx': 4970, 'end_idx': 5039, 'score': 8.437092430933788}]",SMAP,"[[5060, 5130]]",[point]
2022-04-24_19.21.30,G-6,2621,8380,1,0.011979231829537064,"[{'start_idx': 5390, 'end_idx': 5459, 'score': 9.77484460749449}, {'start_idx': 5460, 'end_idx': 5529, 'score': 7.285576326759701}, {'start_idx': 5530, 'end_idx': 5567, 'score': 5.946696508507925}]",0,0,1,[],"[(5640, 5817)]",1,"[{'start_idx': 5390, 'end_idx': 5459, 'score': 9.77484460749449}, {'start_idx': 5460, 'end_idx': 5529, 'score': 7.285576326759701}, {'start_idx': 5530, 'end_idx': 5567, 'score': 5.946696508507925}]",SMAP,"[[5600, 5700]]",[point]
2022-04-24_19.21.30,G-7,2186,7769,3,0.03624485416740873,"[{'start_idx': 3360, 'end_idx': 3429, 'score': 4.47284110410258}, {'start_idx': 3430, 'end_idx': 3499, 'score': 8.891844365306698}, {'start_idx': 3500, 'end_idx': 3569, 'score': 7.974236260725441}, {'start_idx': 3570, 'end_idx': 3628, 'score': 6.084980502091318}, {'start_idx': 4760, 'end_idx': 4829, 'score': 7.336159470620553}, {'start_idx': 4830, 'end_idx': 4899, 'score': 7.9560192009829045}, {'start_idx': 4900, 'end_idx': 4969, 'score': 6.353884431233635}, {'start_idx': 7280, 'end_idx': 7349, 'score': 3.6765949885876683}, {'start_idx': 7350, 'end_idx': 7419, 'score': 9.497156517746769}, {'start_idx': 7420, 'end_idx': 7489, 'score': 9.11076257051488}, {'start_idx': 7490, 'end_idx': 7559, 'score': 6.794495200632281}]",0,0,3,[],"[(3610, 3878), (5010, 5219), (7530, 7809)]",3,"[{'start_idx': 3360, 'end_idx': 3429, 'score': 4.47284110410258}, {'start_idx': 3430, 'end_idx': 3499, 'score': 8.891844365306698}, {'start_idx': 3500, 'end_idx': 3569, 'score': 7.974236260725441}, {'start_idx': 3570, 'end_idx': 3628, 'score': 6.084980502091318}, {'start_idx': 4760, 'end_idx': 4829, 'score': 7.336159470620553}, {'start_idx': 4830, 'end_idx': 4899, 'score': 7.9560192009829045}, {'start_idx': 4900, 'end_idx': 4969, 'score': 6.353884431233635}, {'start_idx': 7280, 'end_idx': 7349, 'score': 3.6765949885876683}, {'start_idx': 7350, 'end_idx': 7419, 'score': 9.497156517746769}, {'start_idx': 7420, 'end_idx': 7489, 'score': 9.11076257051488}, {'start_idx': 7490, 'end_idx': 7559, 'score': 6.794495200632281}]",SMAP,"[[3650, 3750], [5050, 5100], [7560, 7675]]","[contextual, point, contextual]"
2022-04-24_19.21.30,P-7,2593,7811,2,0.030296307889291014,"[{'start_idx': 4760, 'end_idx': 4829, 'score': 4.07807411952452}, {'start_idx': 4830, 'end_idx': 4899, 'score': 5.32770212897714}, {'start_idx': 4900, 'end_idx': 4969, 'score': 5.425319209843613}, {'start_idx': 4970, 'end_idx': 5039, 'score': 5.310779996967079}, {'start_idx': 5110, 'end_idx': 5179, 'score': 5.413994871817519}]",0,0,1,[],"[(5010, 5289), (5360, 5429)]",1,"[{'start_idx': 4760, 'end_idx': 4829, 'score': 4.07807411952452}, {'start_idx': 4830, 'end_idx': 4899, 'score': 5.32770212897714}, {'start_idx': 4900, 'end_idx': 4969, 'score': 5.425319209843613}, {'start_idx': 4970, 'end_idx': 5039, 'score': 5.310779996967079}, {'start_idx': 5110, 'end_idx': 5179, 'score': 5.413994871817519}]",SMAP,"[[4950, 6600]]",[contextual]
2022-04-24_19.21.30,R-1,2614,6984,0,0.00601673393775917,[],0,1,0,[],[],1,[],SMAP,"[[4510, 4590]]",[point]
2022-04-24_19.21.30,A-5,445,4433,1,0.056470382064253206,"[{'start_idx': 2450, 'end_idx': 2519, 'score': 8.04925015937976}, {'start_idx': 2520, 'end_idx': 2589, 'score': 9.450468922340605}, {'start_idx': 2590, 'end_idx': 2659, 'score': 7.864612232383908}]",0,0,1,[],"[(2700, 2909)]",1,"[{'start_idx': 2450, 'end_idx': 2519, 'score': 8.04925015937976}, {'start_idx': 2520, 'end_idx': 2589, 'score': 9.450468922340605}, {'start_idx': 2590, 'end_idx': 2659, 'score': 7.864612232383908}]",SMAP,"[[2750, 2800]]",[point]
2022-04-24_19.21.30,A-6,422,4193,1,0.021122418850163277,"[{'start_idx': 1555, 'end_idx': 1833, 'score': 7.952302122243026}]",0,0,1,[],"[(1805, 2083)]",1,"[{'start_idx': 1555, 'end_idx': 1833, 'score': 7.952302122243026}]",SMAP,"[[1890, 1930]]",[point]
2022-04-24_19.21.30,A-7,2619,8371,2,0.05875333780046427,"[{'start_idx': 2240, 'end_idx': 2309, 'score': 2.528055350803335}, {'start_idx': 6020, 'end_idx': 6089, 'score': 2.5386056828434636}, {'start_idx': 6090, 'end_idx': 6159, 'score': 3.3083481903931564}, {'start_idx': 6160, 'end_idx': 6229, 'score': 3.60861919671037}, {'start_idx': 6230, 'end_idx': 6299, 'score': 3.732992355855071}, {'start_idx': 6300, 'end_idx': 6369, 'score': 3.957412584725017}, {'start_idx': 6370, 'end_idx': 6439, 'score': 3.909984280903809}]",1,0,1,"[[2490, 2559]]","[(6270, 6689)]",1,"[{'start_idx': 2240, 'end_idx': 2309, 'score': 2.528055350803335}, {'start_idx': 6020, 'end_idx': 6089, 'score': 2.5386056828434636}, {'start_idx': 6090, 'end_idx': 6159, 'score': 3.3083481903931564}, {'start_idx': 6160, 'end_idx': 6229, 'score': 3.60861919671037}, {'start_idx': 6230, 'end_idx': 6299, 'score': 3.732992355855071}, {'start_idx': 6300, 'end_idx': 6369, 'score': 3.957412584725017}, {'start_idx': 6370, 'end_idx': 6439, 'score': 3.909984280903809}]",SMAP,"[[6200, 8600]]",[contextual]
2022-04-24_19.21.30,D-13,1230,7403,1,0.017883655768505275,"[{'start_idx': 4830, 'end_idx': 4899, 'score': 10.51741908440481}, {'start_idx': 4900, 'end_idx': 4969, 'score': 11.580506984203733}, {'start_idx': 4970, 'end_idx': 5039, 'score': 9.738202007802316}, {'start_idx': 5040, 'end_idx': 5090, 'score': 8.061103665146412}]",0,0,1,[],"[(5080, 5340)]",1,"[{'start_idx': 4830, 'end_idx': 4899, 'score': 10.51741908440481}, {'start_idx': 4900, 'end_idx': 4969, 'score': 11.580506984203733}, {'start_idx': 4970, 'end_idx': 5039, 'score': 9.738202007802316}, {'start_idx': 5040, 'end_idx': 5090, 'score': 8.061103665146412}]",SMAP,"[[5070, 5230]]",[point]
2022-04-24_19.21.30,P-2,2561,7949,1,0.05316520434427711,"[{'start_idx': 5040, 'end_idx': 5109, 'score': 12.739641237087891}, {'start_idx': 5110, 'end_idx': 5179, 'score': 13.55980564981665}, {'start_idx': 5180, 'end_idx': 5249, 'score': 12.209289429981402}, {'start_idx': 5250, 'end_idx': 5319, 'score': 11.078174261671677}, {'start_idx': 5320, 'end_idx': 5389, 'score': 10.389228026676944}, {'start_idx': 5390, 'end_idx': 5459, 'score': 9.849492029597242}, {'start_idx': 5460, 'end_idx': 5502, 'score': 9.233606389558211}]",0,0,1,[],"[(5290, 5752)]",1,"[{'start_idx': 5040, 'end_idx': 5109, 'score': 12.739641237087891}, {'start_idx': 5110, 'end_idx': 5179, 'score': 13.55980564981665}, {'start_idx': 5180, 'end_idx': 5249, 'score': 12.209289429981402}, {'start_idx': 5250, 'end_idx': 5319, 'score': 11.078174261671677}, {'start_idx': 5320, 'end_idx': 5389, 'score': 10.389228026676944}, {'start_idx': 5390, 'end_idx': 5459, 'score': 9.849492029597242}, {'start_idx': 5460, 'end_idx': 5502, 'score': 9.233606389558211}]",SMAP,"[[5300, 6420]]",[point]
2022-04-24_19.21.30,A-8,502,8115,2,0.09335322793500385,"[{'start_idx': 7280, 'end_idx': 7349, 'score': 4.882511078747888}, {'start_idx': 7350, 'end_idx': 7419, 'score': 4.911202082780818}, {'start_idx': 7420, 'end_idx': 7489, 'score': 5.223822712721294}, {'start_idx': 7490, 'end_idx': 7559, 'score': 5.3773219146417635}, {'start_idx': 7560, 'end_idx': 7629, 'score': 5.588122380485061}, {'start_idx': 7630, 'end_idx': 7699, 'score': 5.80620066882368}, {'start_idx': 7700, 'end_idx': 7769, 'score': 5.918574793493923}, {'start_idx': 7770, 'end_idx': 7839, 'score': 6.061231260286671}, {'start_idx': 7840, 'end_idx': 7909, 'score': 6.262211407289458}, {'start_idx': 7910, 'end_idx': 7979, 'score': 7.493855263075554}, {'start_idx': 8045, 'end_idx': 8114, 'score': 8.765575916273926}]",0,0,1,[],"[(7530, 8229), (8295, 8364)]",1,"[{'start_idx': 7280, 'end_idx': 7349, 'score': 4.882511078747888}, {'start_idx': 7350, 'end_idx': 7419, 'score': 4.911202082780818}, {'start_idx': 7420, 'end_idx': 7489, 'score': 5.223822712721294}, {'start_idx': 7490, 'end_idx': 7559, 'score': 5.3773219146417635}, {'start_idx': 7560, 'end_idx': 7629, 'score': 5.588122380485061}, {'start_idx': 7630, 'end_idx': 7699, 'score': 5.80620066882368}, {'start_idx': 7700, 'end_idx': 7769, 'score': 5.918574793493923}, {'start_idx': 7770, 'end_idx': 7839, 'score': 6.061231260286671}, {'start_idx': 7840, 'end_idx': 7909, 'score': 6.262211407289458}, {'start_idx': 7910, 'end_idx': 7979, 'score': 7.493855263075554}, {'start_idx': 8045, 'end_idx': 8114, 'score': 8.765575916273926}]",SMAP,"[[4569, 8374]]",[contextual]
2022-04-24_19.21.30,A-9,502,8174,0,0.4501728688912807,[],0,1,0,[],[],1,[],SMAP,"[[4569, 8433]]",[contextual]
2022-04-24_19.21.30,F-3,2620,8116,0,0.010073455025307088,[],0,1,0,[],[],1,[],SMAP,"[[5600, 5640]]",[contextual]
2022-04-24_19.21.30,M-6,1305,1789,1,0.04938895670313939,"[{'start_idx': 1565, 'end_idx': 1788, 'score': 12.101235492746877}]",0,0,1,[],"[(1815, 2038)]",1,"[{'start_idx': 1565, 'end_idx': 1788, 'score': 12.101235492746877}]",MSL,"[[1850, 2030]]",[point]
2022-04-24_19.21.30,M-1,1949,2017,1,0.05268167932535853,"[{'start_idx': 318, 'end_idx': 530, 'score': 4.886113784455899}]",1,1,0,"[[568, 780]]",[],1,"[{'start_idx': 318, 'end_idx': 530, 'score': 4.886113784455899}]",MSL,"[[1110, 2250]]",[contextual]
2022-04-24_19.21.30,M-2,1948,2017,0,0.08569175566693862,[],0,1,0,[],[],1,[],MSL,"[[1110, 2250]]",[contextual]
2022-04-24_19.21.30,S-2,666,1567,1,0.007782854696102179,"[{'start_idx': 556, 'end_idx': 813, 'score': 10.259041307284244}]",0,0,1,[],"[(806, 1063)]",1,"[{'start_idx': 556, 'end_idx': 813, 'score': 10.259041307284244}]",MSL,"[[900, 910]]",[point]
2022-04-24_19.21.30,P-10,4048,5840,1,0.016709572163346884,"[{'start_idx': 4340, 'end_idx': 4409, 'score': 12.96001270343986}, {'start_idx': 4410, 'end_idx': 4479, 'score': 13.039219683360038}, {'start_idx': 4480, 'end_idx': 4549, 'score': 10.842653509263371}, {'start_idx': 4550, 'end_idx': 4619, 'score': 9.742856711322153}]",0,0,1,[],"[(4590, 4869)]",1,"[{'start_idx': 4340, 'end_idx': 4409, 'score': 12.96001270343986}, {'start_idx': 4410, 'end_idx': 4479, 'score': 13.039219683360038}, {'start_idx': 4480, 'end_idx': 4549, 'score': 10.842653509263371}, {'start_idx': 4550, 'end_idx': 4619, 'score': 9.742856711322153}]",MSL,"[[4590, 4720]]",[point]
2022-04-24_19.21.30,T-4,2012,1957,0,0.09968487113737061,[],0,1,0,[],[],1,[],MSL,"[[1172, 1240]]",[point]
2022-04-24_19.21.30,T-5,2012,1958,1,0.0057194192975207215,"[{'start_idx': 864, 'end_idx': 1130, 'score': 13.611037253116319}]",0,0,1,[],"[(1114, 1380)]",1,"[{'start_idx': 864, 'end_idx': 1130, 'score': 13.611037253116319}]",MSL,"[[1200, 1225]]",[point]
2022-04-24_19.21.30,F-7,2251,4794,1,0.1658837615523801,"[{'start_idx': 1057, 'end_idx': 1326, 'score': 4.2256412867218955}]",0,2,1,[],"[(1307, 1576)]",3,"[{'start_idx': 1057, 'end_idx': 1326, 'score': 4.2256412867218955}]",MSL,"[[1250, 1450], [2670, 2790], [3325, 3425]]","[contextual, contextual, contextual]"
2022-04-24_19.21.30,M-3,1777,1867,0,0.081422779774356,[],0,1,0,[],[],1,[],MSL,"[[1250, 1500]]",[contextual]
2022-04-24_19.21.30,M-4,1816,1778,0,0.11161658092138872,[],0,1,0,[],[],1,[],MSL,"[[1250, 1500]]",[contextual]
2022-04-24_19.21.30,M-5,1772,2043,1,0.10531575688488379,"[{'start_idx': 1145, 'end_idx': 1513, 'score': 3.7150505864301926}]",0,0,1,[],"[(1395, 1763)]",1,"[{'start_idx': 1145, 'end_idx': 1513, 'score': 3.7150505864301926}]",MSL,"[[1250, 1550]]",[contextual]
2022-04-24_19.21.30,P-15,3422,2596,1,0.029086661799328797,"[{'start_idx': 1051, 'end_idx': 1307, 'score': 7.526819941802981}]",0,0,1,[],"[(1301, 1557)]",1,"[{'start_idx': 1051, 'end_idx': 1307, 'score': 7.526819941802981}]",MSL,"[[1390, 1410]]",[point]
2022-04-24_19.21.30,C-1,1898,2004,1,0.03317589198364844,"[{'start_idx': 250, 'end_idx': 510, 'score': 6.438979868100222}]",0,1,1,[],"[(500, 760)]",2,"[{'start_idx': 250, 'end_idx': 510, 'score': 6.438979868100222}]",MSL,"[[550, 750], [2100, 2210]]","[point, contextual]"
2022-04-24_19.21.30,C-2,504,1791,1,0.12794001571585387,"[{'start_idx': 0, 'end_idx': 194, 'score': 5.591158951078825}]",0,1,1,[],"[(250, 444)]",2,"[{'start_idx': 0, 'end_idx': 194, 'score': 5.591158951078825}]",MSL,"[[290, 390], [1540, 1575]]","[point, contextual]"
2022-04-24_19.21.30,T-12,885,2170,1,0.019458018706027796,"[{'start_idx': 261, 'end_idx': 599, 'score': 6.441389036819482}]",0,0,1,[],"[(511, 849)]",1,"[{'start_idx': 261, 'end_idx': 599, 'score': 6.441389036819482}]",MSL,"[[630, 750]]",[contextual]
2022-04-24_19.21.30,T-13,885,2170,0,0.019691448370862157,[],0,2,0,[],[],2,[],MSL,"[[690, 790], [1900, 2050]]","[contextual, contextual]"
2022-04-24_19.21.30,F-4,1984,3162,1,0.03215829801991089,"[{'start_idx': 2450, 'end_idx': 2519, 'score': 6.249061435957825}, {'start_idx': 2520, 'end_idx': 2589, 'score': 5.807301492550101}]",0,0,1,[],"[(2700, 2839)]",1,"[{'start_idx': 2450, 'end_idx': 2519, 'score': 6.249061435957825}, {'start_idx': 2520, 'end_idx': 2589, 'score': 5.807301492550101}]",MSL,"[[2700, 2770]]",[point]
2022-04-24_19.21.30,F-5,2338,3662,1,0.020323126950704866,"[{'start_idx': 3290, 'end_idx': 3359, 'score': 15.017995119340544}, {'start_idx': 3360, 'end_idx': 3429, 'score': 13.505520589167656}, {'start_idx': 3430, 'end_idx': 3499, 'score': 11.76666568596768}, {'start_idx': 3500, 'end_idx': 3558, 'score': 9.179059894696367}]",0,0,1,[],"[(3540, 3808)]",1,"[{'start_idx': 3290, 'end_idx': 3359, 'score': 15.017995119340544}, {'start_idx': 3360, 'end_idx': 3429, 'score': 13.505520589167656}, {'start_idx': 3430, 'end_idx': 3499, 'score': 11.76666568596768}, {'start_idx': 3500, 'end_idx': 3558, 'score': 9.179059894696367}]",MSL,"[[3550, 3700]]",[point]
2022-04-24_19.21.30,D-14,3415,2365,1,0.027925661707713826,"[{'start_idx': 1296, 'end_idx': 1878, 'score': 9.674253450906507}]",0,1,1,[],"[(1546, 2128)]",2,"[{'start_idx': 1296, 'end_idx': 1878, 'score': 9.674253450906507}]",MSL,"[[1630, 1650], [1800, 2000]]","[point, point]"
2022-04-24_19.21.30,T-9,179,836,0,0.18003923369824332,[],0,2,0,[],[],2,[],MSL,"[[780, 810], [890, 970]]","[point, point]"
2022-04-24_19.21.30,P-14,2620,5840,1,0.02977558522924182,"[{'start_idx': 4340, 'end_idx': 4409, 'score': 15.714557776397736}, {'start_idx': 4410, 'end_idx': 4479, 'score': 14.45074415296164}, {'start_idx': 4480, 'end_idx': 4549, 'score': 11.972123519845098}, {'start_idx': 4550, 'end_idx': 4619, 'score': 10.98588628854072}]",0,0,1,[],"[(4590, 4869)]",1,"[{'start_idx': 4340, 'end_idx': 4409, 'score': 15.714557776397736}, {'start_idx': 4410, 'end_idx': 4479, 'score': 14.45074415296164}, {'start_idx': 4480, 'end_idx': 4549, 'score': 11.972123519845098}, {'start_idx': 4550, 'end_idx': 4619, 'score': 10.98588628854072}]",MSL,"[[4575, 4755]]",[point]
2022-04-24_19.21.30,T-8,488,1259,2,0.04645512567157784,"[{'start_idx': 536, 'end_idx': 787, 'score': 3.875867553220193}, {'start_idx': 1023, 'end_idx': 1237, 'score': 3.701158594502395}]",0,0,2,[],"[(786, 1037), (1273, 1487)]",2,"[{'start_idx': 536, 'end_idx': 787, 'score': 3.875867553220193}, {'start_idx': 1023, 'end_idx': 1237, 'score': 3.701158594502395}]",MSL,"[[870, 930], [1330, 1370]]","[contextual, contextual]"
2022-04-24_19.21.30,P-11,3709,3275,2,0.022516216204356683,"[{'start_idx': 953, 'end_idx': 1211, 'score': 3.7953335969122235}, {'start_idx': 1500, 'end_idx': 1759, 'score': 3.9755190033785666}]",0,0,2,[],"[(1203, 1461), (1750, 2009)]",2,"[{'start_idx': 953, 'end_idx': 1211, 'score': 3.7953335969122235}, {'start_idx': 1500, 'end_idx': 1759, 'score': 3.9755190033785666}]",MSL,"[[1778, 1898], [1238, 1344]]","[point, point]"
2022-04-24_19.21.30,D-15,1814,1898,0,0.16978967078934315,[],0,1,0,[],[],1,[],MSL,"[[1500, 2140]]",[point]
2022-04-24_19.21.30,D-16,1191,1931,1,0.18806904955025036,"[{'start_idx': 463, 'end_idx': 673, 'score': 5.200201802301082}]",0,0,1,[],"[(713, 923)]",1,"[{'start_idx': 463, 'end_idx': 673, 'score': 5.200201802301082}]",MSL,"[[600, 1250]]",[contextual]
2022-04-24_19.21.30,M-7,1327,1896,1,0.03092541096655296,"[{'start_idx': 611, 'end_idx': 906, 'score': 9.347784359950538}]",0,0,1,[],"[(861, 1156)]",1,"[{'start_idx': 611, 'end_idx': 906, 'score': 9.347784359950538}]",MSL,"[[940, 1040]]",[point]
2022-04-24_19.21.30,F-8,3082,2227,1,0.09066148430542767,"[{'start_idx': 1712, 'end_idx': 1986, 'score': 4.997088111065064}]",0,0,1,[],"[(1962, 2236)]",1,"[{'start_idx': 1712, 'end_idx': 1986, 'score': 4.997088111065064}]",MSL,"[[1950, 2486]]",[contextual]